mkey,Count,RMSE,MAE,Bias,Acc@0.25,Acc@0.35,Acc@0.50,strategy
M01,8,1.5967270778236258,1.2874517527895726,-0.5750179399444042,0.0,0.125,0.375,seasonal_single_best
M02,8,1.7823922811108686,1.4780592252838658,0.6929376171323895,0.0,0.125,0.375,seasonal_single_best
M03,8,1.361525724506296,1.1028918036354907,-0.2884851740541362,0.125,0.25,0.25,seasonal_single_best
M04,8,0.8821290551130753,0.7645817703216622,0.17526451340210897,0.125,0.25,0.25,seasonal_single_best
M05,8,0.9230854033580925,0.6727136189738911,-0.2914098585645366,0.0,0.5,0.5,seasonal_single_best
M06,8,0.9503018635977933,0.8114974719782673,-0.7316579627494022,0.25,0.25,0.25,seasonal_single_best
M07,8,0.49150031432794505,0.4226632468402398,-0.3792823237677432,0.25,0.375,0.875,seasonal_single_best
M08,8,0.46667870172191545,0.425970653320352,-0.3139516697575644,0.25,0.5,0.625,seasonal_single_best
M09,8,1.178525962277415,1.077078358829021,-1.0611244186758988,0.125,0.125,0.125,seasonal_single_best
M10,8,1.0613724067248749,0.9006645008921623,-0.13645676920811312,0.125,0.125,0.25,seasonal_single_best
M11,8,1.3127552103761506,1.1999237924592183,0.02636308133309384,0.0,0.0,0.125,seasonal_single_best
M12,7,1.7332364665583853,1.4733870449407545,-1.4196883217606775,0.14285714285714285,0.14285714285714285,0.14285714285714285,seasonal_single_best
M01,8,1.6070943504807662,1.2680297755943746,-0.6189433347675203,0.125,0.125,0.375,seasonal_top2_mean
M02,8,1.7544150768855813,1.43058665017603,0.6469577137961409,0.125,0.25,0.375,seasonal_top2_mean
M03,8,1.3022352094426852,1.0711689685053292,-0.3205541268856479,0.25,0.25,0.25,seasonal_top2_mean
M04,8,0.8410630043494196,0.7144712743018742,0.2555296019509063,0.125,0.125,0.375,seasonal_top2_mean
M05,8,0.9270640580369425,0.6654004941384,-0.13664998958508257,0.25,0.375,0.5,seasonal_top2_mean
M06,8,0.8925641187802548,0.7593384987985097,-0.627357384624581,0.125,0.375,0.375,seasonal_top2_mean
M07,8,0.55176521817344,0.48860860744801826,-0.48860860744801826,0.125,0.25,0.75,seasonal_top2_mean
M08,8,0.500309808064876,0.4185179539645709,-0.41743172289182695,0.25,0.375,0.5,seasonal_top2_mean
M09,8,1.2069951003964408,1.1002281822173303,-1.0969186707832201,0.125,0.125,0.125,seasonal_top2_mean
M10,8,1.019340232987126,0.879667792390329,-0.18846084996434476,0.125,0.125,0.25,seasonal_top2_mean
M11,8,1.3611557761468347,1.2640243910142026,-0.050397561939034274,0.0,0.0,0.125,seasonal_top2_mean
M12,7,1.7242109746589154,1.488786291241153,-1.3585360004587674,0.0,0.0,0.14285714285714285,seasonal_top2_mean
M01,8,1.5385336582405067,1.2264418987762273,-0.5705682208715543,0.125,0.25,0.375,seasonal_top3_mean
M02,8,1.7397299069807475,1.4193728987270204,0.6540089034500252,0.125,0.25,0.375,seasonal_top3_mean
M03,8,1.3180802593522565,1.0857286186010824,-0.2941644907574623,0.25,0.25,0.25,seasonal_top3_mean
M04,8,0.8504519658679262,0.70609960899452,0.30582762299608046,0.25,0.25,0.375,seasonal_top3_mean
M05,8,0.9586944184003661,0.6887838655151429,-0.19322467213496647,0.375,0.375,0.375,seasonal_top3_mean
M06,8,0.9274018233753396,0.7694733928889039,-0.6973264019936328,0.25,0.375,0.375,seasonal_top3_mean
M07,8,0.5471917998161844,0.494072486615431,-0.494072486615431,0.125,0.125,0.75,seasonal_top3_mean
M08,8,0.5138766942155947,0.44223460418482574,-0.44223460418482574,0.25,0.375,0.5,seasonal_top3_mean
M09,8,1.1983620858028188,1.0904848743169508,-1.0832269761378752,0.125,0.125,0.125,seasonal_top3_mean
M10,8,1.050077069367074,0.9032242583205583,-0.1747021333169435,0.125,0.125,0.125,seasonal_top3_mean
M11,8,1.363702315602887,1.2642840078852788,-0.0345677614596927,0.0,0.0,0.125,seasonal_top3_mean
M12,7,1.6932751723156743,1.4659610831922312,-1.3198807381399391,0.0,0.0,0.0,seasonal_top3_mean
