model,option,status,params,enso_option,enso_lags,ar_lags,recency_half_life_months,val_rmse,val_mae,val_bias,test_rmse,test_mae,test_bias,error
Huber,looser,ok,"{'huber_epsilon': 1.6, 'huber_alpha': 0.001}",enso_0,"(0,)","(1, 2, 3, 6, 12, 18, 24)",48,1.0915725647745258,0.8681706680199553,-0.3052358847875975,1.2412180405051367,1.0079327129213533,-0.48332041297937706,
Huber,defaultish,ok,"{'huber_epsilon': 1.35, 'huber_alpha': 0.0001}",enso_0,"(0,)","(1, 2, 3, 6, 12, 18, 24)",48,1.0936729254519977,0.8680519501980163,-0.31050648438846734,1.2438987426098227,1.0128910236512687,-0.5026653091184369,
Huber,tight,ok,"{'huber_epsilon': 1.2, 'huber_alpha': 0.0001}",enso_0,"(0,)","(1, 2, 3, 6, 12, 18, 24)",48,1.0962033141713496,0.8668064612302016,-0.3162050051712985,1.2444357856171593,1.0133244990067647,-0.5186061192461037,
LSTM,compact,ok,"{'torch_seq_hidden_size': 24, 'torch_seq_num_layers': 1, 'torch_seq_dropout': 0.0, 'torch_lr': 0.001, 'torch_epochs': 150}",enso_0,"(0,)","(1, 2, 3, 6, 12, 18, 24)",48,1.0853163401520898,0.8732594736887324,-0.30681205799725536,1.215480071384952,0.988221702098912,-0.39091322123024025,
LSTM,larger,ok,"{'torch_seq_hidden_size': 48, 'torch_seq_num_layers': 2, 'torch_seq_dropout': 0.1, 'torch_lr': 0.0007, 'torch_epochs': 200}",enso_0,"(0,)","(1, 2, 3, 6, 12, 18, 24)",48,1.0867335133749547,0.8661070988135179,-0.29904808320182696,1.1998971948349462,0.9781417378302858,-0.35734299334060204,
NHiTS,wide,ok,"{'torch_nhits_hidden_size': 96, 'torch_nhits_num_blocks': 3, 'torch_nhits_pool_sizes': (1, 2, 4), 'torch_dropout': 0.1, 'torch_lr': 0.0007, 'torch_epochs': 200}",enso_0,"(0,)","(1, 2, 3, 6, 12, 18, 24)",48,1.0412912646278276,0.8143247849304721,-0.22308129913096017,1.213757537907924,0.9632282954889039,-0.2927731181739977,
NHiTS,compact,ok,"{'torch_nhits_hidden_size': 48, 'torch_nhits_num_blocks': 2, 'torch_nhits_pool_sizes': (1, 2, 4), 'torch_dropout': 0.05, 'torch_lr': 0.001, 'torch_epochs': 150}",enso_0,"(0,)","(1, 2, 3, 6, 12, 18, 24)",48,1.0975226875813817,0.8731465920957918,-0.33216486555757013,1.248652318448277,1.012801196427787,-0.4335199976339936,
PatchTST,deeper,ok,"{'torch_patch_len': 4, 'torch_patch_stride': 2, 'torch_transformer_d_model': 48, 'torch_transformer_nhead': 4, 'torch_transformer_layers': 2, 'torch_seq_dropout': 0.1, 'torch_lr': 0.0007, 'torch_epochs': 200}",enso_0,"(0,)","(1, 2, 3, 6, 12, 18, 24)",48,1.0604649086655709,0.8262859167728392,-0.17735723138127177,1.170460936165501,0.9226440502144397,-0.26844927393096063,
PatchTST,compact,ok,"{'torch_patch_len': 4, 'torch_patch_stride': 2, 'torch_transformer_d_model': 32, 'torch_transformer_nhead': 4, 'torch_transformer_layers': 1, 'torch_seq_dropout': 0.1, 'torch_lr': 0.001, 'torch_epochs': 150}",enso_0,"(0,)","(1, 2, 3, 6, 12, 18, 24)",48,1.0634991691260656,0.8389152876340734,-0.16293281257385395,1.1841266011702696,0.9345683992918775,-0.2391383426263929,
Ridge,alpha_1,ok,{'ridge_alpha': 1.0},enso_0,"(0,)","(1, 2, 3, 6, 12, 18, 24)",48,1.0742058196621376,0.8597206417863523,-0.2753408356536968,1.240134891426728,1.0151218075064876,-0.4315592423397464,
Ridge,alpha_10,ok,{'ridge_alpha': 10.0},enso_0,"(0,)","(1, 2, 3, 6, 12, 18, 24)",48,1.0742803003723584,0.8595377438764666,-0.27620658886634764,1.2395449221617962,1.0142126999435785,-0.43200426026429073,
Ridge,alpha_50,ok,{'ridge_alpha': 50.0},enso_0,"(0,)","(1, 2, 3, 6, 12, 18, 24)",48,1.0749149772035853,0.8589805295038279,-0.27998240375726224,1.2372821472916402,1.010480389574516,-0.43416557303269143,
XGBoost,conservative,ok,"{'xgb_n_estimators': 600, 'xgb_learning_rate': 0.03, 'xgb_max_depth': 3, 'xgb_subsample': 0.8, 'xgb_colsample_bytree': 0.8, 'xgb_reg_lambda': 2.0}",enso_0,"(0,)","(1, 2, 3, 6, 12, 18, 24)",48,1.2450163982389626,0.9519263241435209,-0.42855773527165497,1.3033005317620339,1.0403763427655621,-0.5333296984115518,
XGBoost,slow_deeper,ok,"{'xgb_n_estimators': 1600, 'xgb_learning_rate': 0.02, 'xgb_max_depth': 5, 'xgb_subsample': 0.9, 'xgb_colsample_bytree': 0.9, 'xgb_reg_lambda': 1.0}",enso_0,"(0,)","(1, 2, 3, 6, 12, 18, 24)",48,1.3000335421876559,0.9912150951087825,-0.4951253963522808,1.3221315307794377,1.0417344984853347,-0.5783310789467865,
XGBoost,standard,ok,"{'xgb_n_estimators': 1200, 'xgb_learning_rate': 0.03, 'xgb_max_depth': 4, 'xgb_subsample': 0.9, 'xgb_colsample_bytree': 0.9, 'xgb_reg_lambda': 1.0}",enso_0,"(0,)","(1, 2, 3, 6, 12, 18, 24)",48,1.308526186972035,0.9801978424492214,-0.507017610030016,1.3075793423263797,1.03314441883479,-0.5652687924767011,
iTransformer,deeper,ok,"{'torch_itransformer_d_model': 48, 'torch_itransformer_nhead': 4, 'torch_itransformer_layers': 2, 'torch_seq_dropout': 0.1, 'torch_lr': 0.0007, 'torch_epochs': 200}",enso_0,"(0,)","(1, 2, 3, 6, 12, 18, 24)",48,1.0818701787633955,0.8340800982004213,-0.10456336858915173,1.2082368647391468,0.9577707302089978,-0.2559288787116346,
iTransformer,compact,ok,"{'torch_itransformer_d_model': 32, 'torch_itransformer_nhead': 4, 'torch_itransformer_layers': 1, 'torch_seq_dropout': 0.1, 'torch_lr': 0.001, 'torch_epochs': 150}",enso_0,"(0,)","(1, 2, 3, 6, 12, 18, 24)",48,1.0984018500673025,0.8630868153229434,-0.2685192933888176,1.211731807502931,0.9845575559913718,-0.40897485157965047,
