enso_option,enso_lags,ar_lags,recency_half_life_months,climatology_years,climatology_label,selected_model_count,ensemble_month_choice_test_rmse,ensemble_month_choice_test_mae,ensemble_month_choice_test_bias,month_choice_winners,deep_internal_val_months
enso_0,"(0,)","(1, 2, 3, 6, 12, 18, 24)",48,5,Climatology5,7,1.2152357786227734,0.8836805527618055,0.13259428028997622,G01_12:Residual_PatchTST,24
enso_0,"(0,)","(1, 2, 3, 6, 12, 18, 24)",48,6,Climatology6,7,1.1845794376015284,0.8750153831353313,0.13842616623692341,G01_12:Residual_LSTM,24
enso_0,"(0,)","(1, 2, 3, 6, 12, 18, 24)",48,7,Climatology7,7,1.1870835287105002,0.882556275272728,0.13655425639528976,G01_12:Residual_LSTM,24
enso_0,"(0,)","(1, 2, 3, 6, 12, 18, 24)",48,8,Climatology8,7,1.1694068658610934,0.8931160567524402,0.11724291274226026,G01_12:Residual_NHiTS,24
enso_0,"(0,)","(1, 2, 3, 6, 12, 18, 24)",48,9,Climatology9,7,1.1396080152533195,0.8655685990830958,0.06299815706429425,G01_12:Residual_NHiTS,24
enso_0,"(0,)","(1, 2, 3, 6, 12, 18, 24)",48,10,Climatology10,7,1.1094639601567875,0.8307214403152468,0.07635780160364354,G01_12:Residual_LSTM,24
enso_0,"(0,)","(1, 2, 3, 6, 12, 18, 24)",48,11,Climatology11,7,1.108289793338654,0.8324595906517723,0.047363432985173454,G01_12:Residual_LSTM,24
enso_0,"(0,)","(1, 2, 3, 6, 12, 18, 24)",48,12,Climatology12,7,1.1186994661457137,0.8409016133531145,0.033737237973694184,G01_12:Residual_LSTM,24
enso_0,"(0,)","(1, 2, 3, 6, 12, 18, 24)",48,13,Climatology13,7,1.1559030592726662,0.8837159169347661,-0.03237813812518412,G01_12:Residual_NHiTS,24
enso_0,"(0,)","(1, 2, 3, 6, 12, 18, 24)",48,14,Climatology14,7,1.1487619532751157,0.8745796273749575,-0.05022528195067458,G01_12:Residual_NHiTS,24
enso_0,"(0,)","(1, 2, 3, 6, 12, 18, 24)",48,15,Climatology15,7,1.1457439748895297,0.8752096085381091,-0.0571020852055466,G01_12:Residual_NHiTS,24
enso_0,"(0,)","(1, 2, 3, 6, 12, 18, 24)",48,16,Climatology16,7,1.1533711240620828,0.8723310489746693,-0.06842073211446405,G01_12:Residual_NHiTS,24
enso_0,"(0,)","(1, 2, 3, 6, 12, 18, 24)",48,17,Climatology17,7,1.1420459729173051,0.8663343729526265,-0.04795459632533992,G01_12:Residual_NHiTS,24
enso_0,"(0,)","(1, 2, 3, 6, 12, 18, 24)",48,18,Climatology18,7,1.1331080954987833,0.8677137261289255,-0.027186346860134134,G01_12:Residual_NHiTS,24
enso_0,"(0,)","(1, 2, 3, 6, 12, 18, 24)",48,19,Climatology19,7,1.1452552700455754,0.8791616818746373,-0.00036257377456759305,G01_12:Residual_NHiTS,24
enso_0,"(0,)","(1, 2, 3, 6, 12, 18, 24)",48,20,Climatology20,7,1.1464786631488657,0.8788627503851526,0.008007410376479751,G01_12:Residual_NHiTS,24
enso_0,"(0,)","(1, 2, 3, 6, 12, 18, 24)",48,21,Climatology21,7,1.142755153863042,0.8700572045085796,0.03249992337311269,G01_12:Residual_NHiTS,24
enso_0,"(0,)","(1, 2, 3, 6, 12, 18, 24)",48,22,Climatology22,7,1.138277832141022,0.8645147966728968,0.048890819705345416,G01_12:Residual_NHiTS,24
enso_0,"(0,)","(1, 2, 3, 6, 12, 18, 24)",48,23,Climatology23,7,1.1477832177257679,0.8702206693350999,0.038719439044492474,G01_12:Residual_NHiTS,24
enso_0,"(0,)","(1, 2, 3, 6, 12, 18, 24)",48,24,Climatology24,7,1.1473696498942987,0.8731016461721116,0.041315247562893655,G01_12:Residual_NHiTS,24
enso_0,"(0,)","(1, 2, 3, 6, 12, 18, 24)",48,25,Climatology25,7,1.1377730818981409,0.8664509128865443,0.04402216699562573,G01_12:Residual_NHiTS,24
