enso_option,enso_lags,ar_lags,recency_half_life_months,climatology_years,climatology_label,model,candidate,params,val_rmse,val_mae,val_bias,test_rmse_before_refit,test_mae_before_refit
enso_0,"(0,)","(1, 2, 3, 6, 12, 18, 24)",48,5,Climatology5,PatchTST,Residual_PatchTST,"{'torch_patch_len': 4, 'torch_patch_stride': 2, 'torch_transformer_d_model': 48, 'torch_transformer_nhead': 4, 'torch_transformer_layers': 2, 'torch_seq_dropout': 0.1, 'torch_lr': 0.0007, 'torch_epochs': 200}",1.1291404700358425,0.8781377377609413,-0.09683121164950233,1.1979130830612976,0.8705024929325046
enso_0,"(0,)","(1, 2, 3, 6, 12, 18, 24)",48,5,Climatology5,NHiTS,Residual_NHiTS,"{'torch_nhits_hidden_size': 96, 'torch_nhits_num_blocks': 3, 'torch_nhits_pool_sizes': (1, 2, 4), 'torch_dropout': 0.1, 'torch_lr': 0.0007, 'torch_epochs': 200}",1.1370009877077472,0.8615121215193842,-0.1783720292383805,1.2179506835188265,0.9027232821521003
enso_0,"(0,)","(1, 2, 3, 6, 12, 18, 24)",48,5,Climatology5,Ridge,Residual_Ridge,{'ridge_alpha': 1.0},1.1540730223158462,0.8809321527247627,-0.2441244509436961,1.2199982926801005,0.9020264308997543
enso_0,"(0,)","(1, 2, 3, 6, 12, 18, 24)",48,5,Climatology5,iTransformer,Residual_iTransformer,"{'torch_itransformer_d_model': 48, 'torch_itransformer_nhead': 4, 'torch_itransformer_layers': 2, 'torch_seq_dropout': 0.1, 'torch_lr': 0.0007, 'torch_epochs': 200}",1.1738085147849824,0.9001462071745966,-0.06559702150989326,1.191866455000043,0.8562238008725014
enso_0,"(0,)","(1, 2, 3, 6, 12, 18, 24)",48,5,Climatology5,Huber,Residual_Huber,"{'huber_epsilon': 1.6, 'huber_alpha': 0.001}",1.1848784827716123,0.900750037746616,-0.2926970774326821,1.2270325836654368,0.9035740322099686
enso_0,"(0,)","(1, 2, 3, 6, 12, 18, 24)",48,5,Climatology5,LSTM,Residual_LSTM,"{'torch_seq_hidden_size': 24, 'torch_seq_num_layers': 1, 'torch_seq_dropout': 0.0, 'torch_lr': 0.001, 'torch_epochs': 150}",1.1871730403023972,0.9015817194556197,-0.02962401267141104,1.1976730338330785,0.8683635409568482
enso_0,"(0,)","(1, 2, 3, 6, 12, 18, 24)",48,5,Climatology5,XGBoost,Residual_XGBoost,"{'xgb_n_estimators': 600, 'xgb_learning_rate': 0.03, 'xgb_max_depth': 3, 'xgb_subsample': 0.8, 'xgb_colsample_bytree': 0.8, 'xgb_reg_lambda': 2.0}",1.2854831144298058,0.9336634252307703,-0.28397403119888626,1.3027992681210083,0.9899056349927559
enso_0,"(0,)","(1, 2, 3, 6, 12, 18, 24)",48,6,Climatology6,LSTM,Residual_LSTM,"{'torch_seq_hidden_size': 24, 'torch_seq_num_layers': 1, 'torch_seq_dropout': 0.0, 'torch_lr': 0.001, 'torch_epochs': 150}",1.1209893030605378,0.852817628467973,-0.2898223769152537,1.2312541907822245,0.9804830509711775
enso_0,"(0,)","(1, 2, 3, 6, 12, 18, 24)",48,6,Climatology6,PatchTST,Residual_PatchTST,"{'torch_patch_len': 4, 'torch_patch_stride': 2, 'torch_transformer_d_model': 48, 'torch_transformer_nhead': 4, 'torch_transformer_layers': 2, 'torch_seq_dropout': 0.1, 'torch_lr': 0.0007, 'torch_epochs': 200}",1.12276988667966,0.8739624044780309,-0.09926440617224824,1.186110975866574,0.8896489021417342
enso_0,"(0,)","(1, 2, 3, 6, 12, 18, 24)",48,6,Climatology6,NHiTS,Residual_NHiTS,"{'torch_nhits_hidden_size': 96, 'torch_nhits_num_blocks': 3, 'torch_nhits_pool_sizes': (1, 2, 4), 'torch_dropout': 0.1, 'torch_lr': 0.0007, 'torch_epochs': 200}",1.1251428815199984,0.8553739271333649,-0.1901891593200465,1.2029901984262337,0.9140601973523175
enso_0,"(0,)","(1, 2, 3, 6, 12, 18, 24)",48,6,Climatology6,Ridge,Residual_Ridge,{'ridge_alpha': 1.0},1.1446028125281682,0.8738927086373108,-0.24613037745855246,1.2026898204613692,0.9135301763568313
enso_0,"(0,)","(1, 2, 3, 6, 12, 18, 24)",48,6,Climatology6,iTransformer,Residual_iTransformer,"{'torch_itransformer_d_model': 48, 'torch_itransformer_nhead': 4, 'torch_itransformer_layers': 2, 'torch_seq_dropout': 0.1, 'torch_lr': 0.0007, 'torch_epochs': 200}",1.149950425746844,0.8810709934267732,-0.0056441036673883825,1.1852459258120949,0.8729960271794545
enso_0,"(0,)","(1, 2, 3, 6, 12, 18, 24)",48,6,Climatology6,Huber,Residual_Huber,"{'huber_epsilon': 1.6, 'huber_alpha': 0.001}",1.178298965932747,0.9023633977881399,-0.30051772205406196,1.209869431027474,0.9127612161897499
enso_0,"(0,)","(1, 2, 3, 6, 12, 18, 24)",48,6,Climatology6,XGBoost,Residual_XGBoost,"{'xgb_n_estimators': 600, 'xgb_learning_rate': 0.03, 'xgb_max_depth': 3, 'xgb_subsample': 0.8, 'xgb_colsample_bytree': 0.8, 'xgb_reg_lambda': 2.0}",1.2808150241085137,0.9356686964747496,-0.31055382823493954,1.3036423506542139,1.0007806633190628
enso_0,"(0,)","(1, 2, 3, 6, 12, 18, 24)",48,7,Climatology7,LSTM,Residual_LSTM,"{'torch_seq_hidden_size': 24, 'torch_seq_num_layers': 1, 'torch_seq_dropout': 0.0, 'torch_lr': 0.001, 'torch_epochs': 150}",1.112368782764837,0.8493912201818254,-0.275933197433395,1.2287841092000797,0.9775711093181955
enso_0,"(0,)","(1, 2, 3, 6, 12, 18, 24)",48,7,Climatology7,NHiTS,Residual_NHiTS,"{'torch_nhits_hidden_size': 96, 'torch_nhits_num_blocks': 3, 'torch_nhits_pool_sizes': (1, 2, 4), 'torch_dropout': 0.1, 'torch_lr': 0.0007, 'torch_epochs': 200}",1.1143010136082383,0.8547886811540506,-0.1728584114517573,1.1983982800551423,0.9134476147199931
enso_0,"(0,)","(1, 2, 3, 6, 12, 18, 24)",48,7,Climatology7,PatchTST,Residual_PatchTST,"{'torch_patch_len': 4, 'torch_patch_stride': 2, 'torch_transformer_d_model': 48, 'torch_transformer_nhead': 4, 'torch_transformer_layers': 2, 'torch_seq_dropout': 0.1, 'torch_lr': 0.0007, 'torch_epochs': 200}",1.115537278438826,0.8818463807415572,-0.05268418862223844,1.1888161771162118,0.8944511076799572
enso_0,"(0,)","(1, 2, 3, 6, 12, 18, 24)",48,7,Climatology7,Ridge,Residual_Ridge,{'ridge_alpha': 1.0},1.1346624743744724,0.8794283915562544,-0.23305648744595797,1.1958538281492497,0.9065611411409024
enso_0,"(0,)","(1, 2, 3, 6, 12, 18, 24)",48,7,Climatology7,iTransformer,Residual_iTransformer,"{'torch_itransformer_d_model': 48, 'torch_itransformer_nhead': 4, 'torch_itransformer_layers': 2, 'torch_seq_dropout': 0.1, 'torch_lr': 0.0007, 'torch_epochs': 200}",1.154280352479401,0.8932265160172911,0.059835445984000625,1.1882129814888938,0.8783069563203288
enso_0,"(0,)","(1, 2, 3, 6, 12, 18, 24)",48,7,Climatology7,Huber,Residual_Huber,"{'huber_epsilon': 1.6, 'huber_alpha': 0.001}",1.1721710438176802,0.9063448976051309,-0.29136951826679264,1.2044285132703065,0.9093941890913494
enso_0,"(0,)","(1, 2, 3, 6, 12, 18, 24)",48,7,Climatology7,XGBoost,Residual_XGBoost,"{'xgb_n_estimators': 600, 'xgb_learning_rate': 0.03, 'xgb_max_depth': 3, 'xgb_subsample': 0.8, 'xgb_colsample_bytree': 0.8, 'xgb_reg_lambda': 2.0}",1.2899254881615485,0.950974023600533,-0.28134720280961895,1.2927675144150312,1.0129417131459726
enso_0,"(0,)","(1, 2, 3, 6, 12, 18, 24)",48,8,Climatology8,NHiTS,Residual_NHiTS,"{'torch_nhits_hidden_size': 96, 'torch_nhits_num_blocks': 3, 'torch_nhits_pool_sizes': (1, 2, 4), 'torch_dropout': 0.1, 'torch_lr': 0.0007, 'torch_epochs': 200}",1.087670573267819,0.8400497525775185,-0.15990987092178935,1.158720213884092,0.8802162244033657
enso_0,"(0,)","(1, 2, 3, 6, 12, 18, 24)",48,8,Climatology8,LSTM,Residual_LSTM,"{'torch_seq_hidden_size': 24, 'torch_seq_num_layers': 1, 'torch_seq_dropout': 0.0, 'torch_lr': 0.001, 'torch_epochs': 150}",1.091983847077546,0.8411718877614476,-0.22599952173186466,1.1606868086872824,0.9103460553935484
enso_0,"(0,)","(1, 2, 3, 6, 12, 18, 24)",48,8,Climatology8,PatchTST,Residual_PatchTST,"{'torch_patch_len': 4, 'torch_patch_stride': 2, 'torch_transformer_d_model': 48, 'torch_transformer_nhead': 4, 'torch_transformer_layers': 2, 'torch_seq_dropout': 0.1, 'torch_lr': 0.0007, 'torch_epochs': 200}",1.0923277477030968,0.8633202875256151,-0.07192302287148777,1.145109803442049,0.8642915899767295
enso_0,"(0,)","(1, 2, 3, 6, 12, 18, 24)",48,8,Climatology8,Ridge,Residual_Ridge,{'ridge_alpha': 1.0},1.1139563961029058,0.8709760173016464,-0.23220055741673595,1.1552992784151308,0.8772239547304411
enso_0,"(0,)","(1, 2, 3, 6, 12, 18, 24)",48,8,Climatology8,iTransformer,Residual_iTransformer,"{'torch_itransformer_d_model': 48, 'torch_itransformer_nhead': 4, 'torch_itransformer_layers': 2, 'torch_seq_dropout': 0.1, 'torch_lr': 0.0007, 'torch_epochs': 200}",1.1372765215191771,0.8741019387186194,-0.04765320214210078,1.1313158232366491,0.8379825310389463
enso_0,"(0,)","(1, 2, 3, 6, 12, 18, 24)",48,8,Climatology8,Huber,Residual_Huber,"{'huber_epsilon': 1.6, 'huber_alpha': 0.001}",1.1437712668249502,0.8899679523094018,-0.2751831630559897,1.1574174340955548,0.8770626840042565
enso_0,"(0,)","(1, 2, 3, 6, 12, 18, 24)",48,8,Climatology8,XGBoost,Residual_XGBoost,"{'xgb_n_estimators': 600, 'xgb_learning_rate': 0.03, 'xgb_max_depth': 3, 'xgb_subsample': 0.8, 'xgb_colsample_bytree': 0.8, 'xgb_reg_lambda': 2.0}",1.263575531855258,0.9449713936119224,-0.2700120516795626,1.2378424639325736,0.958541526968934
enso_0,"(0,)","(1, 2, 3, 6, 12, 18, 24)",48,9,Climatology9,NHiTS,Residual_NHiTS,"{'torch_nhits_hidden_size': 96, 'torch_nhits_num_blocks': 3, 'torch_nhits_pool_sizes': (1, 2, 4), 'torch_dropout': 0.1, 'torch_lr': 0.0007, 'torch_epochs': 200}",1.0897363993665183,0.8448924972089352,-0.15065964142343513,1.1365992691142792,0.8525613464197218
enso_0,"(0,)","(1, 2, 3, 6, 12, 18, 24)",48,9,Climatology9,LSTM,Residual_LSTM,"{'torch_seq_hidden_size': 24, 'torch_seq_num_layers': 1, 'torch_seq_dropout': 0.0, 'torch_lr': 0.001, 'torch_epochs': 150}",1.0906989907499183,0.8436151455259986,-0.21875817206239812,1.148874131676234,0.8949323683062143
enso_0,"(0,)","(1, 2, 3, 6, 12, 18, 24)",48,9,Climatology9,PatchTST,Residual_PatchTST,"{'torch_patch_len': 4, 'torch_patch_stride': 2, 'torch_transformer_d_model': 48, 'torch_transformer_nhead': 4, 'torch_transformer_layers': 2, 'torch_seq_dropout': 0.1, 'torch_lr': 0.0007, 'torch_epochs': 200}",1.0968069071926672,0.8593755689550934,-0.04960796367743536,1.1170102746126314,0.8315909677691627
enso_0,"(0,)","(1, 2, 3, 6, 12, 18, 24)",48,9,Climatology9,Ridge,Residual_Ridge,{'ridge_alpha': 1.0},1.1172590217633265,0.8698581636294991,-0.20607176577391084,1.1334328965923166,0.8519023546402794
enso_0,"(0,)","(1, 2, 3, 6, 12, 18, 24)",48,9,Climatology9,Huber,Residual_Huber,"{'huber_epsilon': 1.6, 'huber_alpha': 0.001}",1.1354547230727758,0.883168596376248,-0.24331146401114,1.1311828267632165,0.8479874714781153
enso_0,"(0,)","(1, 2, 3, 6, 12, 18, 24)",48,9,Climatology9,iTransformer,Residual_iTransformer,"{'torch_itransformer_d_model': 48, 'torch_itransformer_nhead': 4, 'torch_itransformer_layers': 2, 'torch_seq_dropout': 0.1, 'torch_lr': 0.0007, 'torch_epochs': 200}",1.144003185485815,0.8733447645014772,-0.05962444292553875,1.0897393449215453,0.797378338041187
enso_0,"(0,)","(1, 2, 3, 6, 12, 18, 24)",48,9,Climatology9,XGBoost,Residual_XGBoost,"{'xgb_n_estimators': 600, 'xgb_learning_rate': 0.03, 'xgb_max_depth': 3, 'xgb_subsample': 0.8, 'xgb_colsample_bytree': 0.8, 'xgb_reg_lambda': 2.0}",1.255868430952427,0.9326015356810885,-0.2380359926212771,1.2111262799687443,0.9299234836836132
enso_0,"(0,)","(1, 2, 3, 6, 12, 18, 24)",48,10,Climatology10,LSTM,Residual_LSTM,"{'torch_seq_hidden_size': 24, 'torch_seq_num_layers': 1, 'torch_seq_dropout': 0.0, 'torch_lr': 0.001, 'torch_epochs': 150}",1.0866072692406141,0.8352709270315245,-0.20963102575236314,1.161160304946734,0.9127229487895966
enso_0,"(0,)","(1, 2, 3, 6, 12, 18, 24)",48,10,Climatology10,NHiTS,Residual_NHiTS,"{'torch_nhits_hidden_size': 96, 'torch_nhits_num_blocks': 3, 'torch_nhits_pool_sizes': (1, 2, 4), 'torch_dropout': 0.1, 'torch_lr': 0.0007, 'torch_epochs': 200}",1.0899217018811265,0.8404756791812057,-0.1272389861987904,1.1401821652760837,0.8539232720826803
enso_0,"(0,)","(1, 2, 3, 6, 12, 18, 24)",48,10,Climatology10,PatchTST,Residual_PatchTST,"{'torch_patch_len': 4, 'torch_patch_stride': 2, 'torch_transformer_d_model': 48, 'torch_transformer_nhead': 4, 'torch_transformer_layers': 2, 'torch_seq_dropout': 0.1, 'torch_lr': 0.0007, 'torch_epochs': 200}",1.092711059948259,0.8565551728805683,-0.01680659214616755,1.1188567742054507,0.833348609738444
enso_0,"(0,)","(1, 2, 3, 6, 12, 18, 24)",48,10,Climatology10,Ridge,Residual_Ridge,{'ridge_alpha': 1.0},1.1071584367421718,0.8578207655383916,-0.16496810616116786,1.1341315112367847,0.8503720452252397
enso_0,"(0,)","(1, 2, 3, 6, 12, 18, 24)",48,10,Climatology10,Huber,Residual_Huber,"{'huber_epsilon': 1.6, 'huber_alpha': 0.001}",1.1233255543627856,0.8669957868836136,-0.20182265079218453,1.1311025310112288,0.8504730581027476
enso_0,"(0,)","(1, 2, 3, 6, 12, 18, 24)",48,10,Climatology10,iTransformer,Residual_iTransformer,"{'torch_itransformer_d_model': 48, 'torch_itransformer_nhead': 4, 'torch_itransformer_layers': 2, 'torch_seq_dropout': 0.1, 'torch_lr': 0.0007, 'torch_epochs': 200}",1.1422491428946318,0.8620724864226457,0.02589592535514385,1.1032394980349636,0.8177932645929488
enso_0,"(0,)","(1, 2, 3, 6, 12, 18, 24)",48,10,Climatology10,XGBoost,Residual_XGBoost,"{'xgb_n_estimators': 600, 'xgb_learning_rate': 0.03, 'xgb_max_depth': 3, 'xgb_subsample': 0.8, 'xgb_colsample_bytree': 0.8, 'xgb_reg_lambda': 2.0}",1.2580242085181195,0.9347260297237274,-0.17840021439284706,1.1925065540226742,0.9300491859097231
enso_0,"(0,)","(1, 2, 3, 6, 12, 18, 24)",48,11,Climatology11,LSTM,Residual_LSTM,"{'torch_seq_hidden_size': 24, 'torch_seq_num_layers': 1, 'torch_seq_dropout': 0.0, 'torch_lr': 0.001, 'torch_epochs': 150}",1.074017263120927,0.8189111352672405,-0.16155370803211225,1.1368201751654672,0.888068926669479
enso_0,"(0,)","(1, 2, 3, 6, 12, 18, 24)",48,11,Climatology11,NHiTS,Residual_NHiTS,"{'torch_nhits_hidden_size': 96, 'torch_nhits_num_blocks': 3, 'torch_nhits_pool_sizes': (1, 2, 4), 'torch_dropout': 0.1, 'torch_lr': 0.0007, 'torch_epochs': 200}",1.0790469253126493,0.8327700302999635,-0.0944089609459325,1.133072085688009,0.8512646222282113
enso_0,"(0,)","(1, 2, 3, 6, 12, 18, 24)",48,11,Climatology11,PatchTST,Residual_PatchTST,"{'torch_patch_len': 4, 'torch_patch_stride': 2, 'torch_transformer_d_model': 48, 'torch_transformer_nhead': 4, 'torch_transformer_layers': 2, 'torch_seq_dropout': 0.1, 'torch_lr': 0.0007, 'torch_epochs': 200}",1.0815698503733877,0.8481712500497727,0.00776871993157052,1.1144449794331148,0.8301694791942262
enso_0,"(0,)","(1, 2, 3, 6, 12, 18, 24)",48,11,Climatology11,Ridge,Residual_Ridge,{'ridge_alpha': 1.0},1.0916163443643097,0.8486592622848702,-0.12770112160117988,1.1287348235088968,0.8496694449964903
enso_0,"(0,)","(1, 2, 3, 6, 12, 18, 24)",48,11,Climatology11,Huber,Residual_Huber,"{'huber_epsilon': 1.6, 'huber_alpha': 0.001}",1.1095684049537669,0.8601035920563165,-0.1726829539282846,1.1277862200614996,0.8470698818712218
enso_0,"(0,)","(1, 2, 3, 6, 12, 18, 24)",48,11,Climatology11,iTransformer,Residual_iTransformer,"{'torch_itransformer_d_model': 48, 'torch_itransformer_nhead': 4, 'torch_itransformer_layers': 2, 'torch_seq_dropout': 0.1, 'torch_lr': 0.0007, 'torch_epochs': 200}",1.1411334443824257,0.861577526292284,0.13245801576130992,1.1220926280552765,0.8219800277760153
enso_0,"(0,)","(1, 2, 3, 6, 12, 18, 24)",48,11,Climatology11,XGBoost,Residual_XGBoost,"{'xgb_n_estimators': 600, 'xgb_learning_rate': 0.03, 'xgb_max_depth': 3, 'xgb_subsample': 0.8, 'xgb_colsample_bytree': 0.8, 'xgb_reg_lambda': 2.0}",1.2376365255917863,0.9119552775580705,-0.15012486645807233,1.1904024442328507,0.9328714971265726
enso_0,"(0,)","(1, 2, 3, 6, 12, 18, 24)",48,12,Climatology12,LSTM,Residual_LSTM,"{'torch_seq_hidden_size': 24, 'torch_seq_num_layers': 1, 'torch_seq_dropout': 0.0, 'torch_lr': 0.001, 'torch_epochs': 150}",1.0653113698151102,0.8140465033098331,-0.12713513733534557,1.1551286697866627,0.90237302568398
enso_0,"(0,)","(1, 2, 3, 6, 12, 18, 24)",48,12,Climatology12,NHiTS,Residual_NHiTS,"{'torch_nhits_hidden_size': 96, 'torch_nhits_num_blocks': 3, 'torch_nhits_pool_sizes': (1, 2, 4), 'torch_dropout': 0.1, 'torch_lr': 0.0007, 'torch_epochs': 200}",1.0673611003220977,0.8220790273496985,-0.05821620984028821,1.144870710011243,0.8684417278620236
enso_0,"(0,)","(1, 2, 3, 6, 12, 18, 24)",48,12,Climatology12,PatchTST,Residual_PatchTST,"{'torch_patch_len': 4, 'torch_patch_stride': 2, 'torch_transformer_d_model': 48, 'torch_transformer_nhead': 4, 'torch_transformer_layers': 2, 'torch_seq_dropout': 0.1, 'torch_lr': 0.0007, 'torch_epochs': 200}",1.0728107089851853,0.8437348633564802,-0.12418383583685177,1.120590712733114,0.8532261427099768
enso_0,"(0,)","(1, 2, 3, 6, 12, 18, 24)",48,12,Climatology12,Ridge,Residual_Ridge,{'ridge_alpha': 1.0},1.0818215080028037,0.8395613837673297,-0.09082515554254174,1.140395447264438,0.8629406627363297
enso_0,"(0,)","(1, 2, 3, 6, 12, 18, 24)",48,12,Climatology12,Huber,Residual_Huber,"{'huber_epsilon': 1.6, 'huber_alpha': 0.001}",1.098025700752316,0.8523323135299609,-0.13060420297102657,1.1373639585573039,0.8529963035221708
enso_0,"(0,)","(1, 2, 3, 6, 12, 18, 24)",48,12,Climatology12,iTransformer,Residual_iTransformer,"{'torch_itransformer_d_model': 48, 'torch_itransformer_nhead': 4, 'torch_itransformer_layers': 2, 'torch_seq_dropout': 0.1, 'torch_lr': 0.0007, 'torch_epochs': 200}",1.1464357034348036,0.8630860121726679,0.12214480844300446,1.1258449868548943,0.833949924600229
enso_0,"(0,)","(1, 2, 3, 6, 12, 18, 24)",48,12,Climatology12,XGBoost,Residual_XGBoost,"{'xgb_n_estimators': 600, 'xgb_learning_rate': 0.03, 'xgb_max_depth': 3, 'xgb_subsample': 0.8, 'xgb_colsample_bytree': 0.8, 'xgb_reg_lambda': 2.0}",1.2454913460076376,0.9213962248462243,-0.14693582579497566,1.1829732430308035,0.9284658347387194
enso_0,"(0,)","(1, 2, 3, 6, 12, 18, 24)",48,13,Climatology13,NHiTS,Residual_NHiTS,"{'torch_nhits_hidden_size': 96, 'torch_nhits_num_blocks': 3, 'torch_nhits_pool_sizes': (1, 2, 4), 'torch_dropout': 0.1, 'torch_lr': 0.0007, 'torch_epochs': 200}",1.0634285640438093,0.818940689560408,-0.038121915780580946,1.1503849484699895,0.8644409912679841
enso_0,"(0,)","(1, 2, 3, 6, 12, 18, 24)",48,13,Climatology13,LSTM,Residual_LSTM,"{'torch_seq_hidden_size': 24, 'torch_seq_num_layers': 1, 'torch_seq_dropout': 0.0, 'torch_lr': 0.001, 'torch_epochs': 150}",1.0656313704509195,0.8093393605011396,-0.11537329283041446,1.16298193680502,0.9020280575281697
enso_0,"(0,)","(1, 2, 3, 6, 12, 18, 24)",48,13,Climatology13,PatchTST,Residual_PatchTST,"{'torch_patch_len': 4, 'torch_patch_stride': 2, 'torch_transformer_d_model': 48, 'torch_transformer_nhead': 4, 'torch_transformer_layers': 2, 'torch_seq_dropout': 0.1, 'torch_lr': 0.0007, 'torch_epochs': 200}",1.0722386097368053,0.8372872909672786,-0.0951819113099004,1.1250306717610423,0.8486655934800501
enso_0,"(0,)","(1, 2, 3, 6, 12, 18, 24)",48,13,Climatology13,Ridge,Residual_Ridge,{'ridge_alpha': 1.0},1.076999791054942,0.8338553725658157,-0.06609833267666342,1.1419802949123714,0.8535762630939481
enso_0,"(0,)","(1, 2, 3, 6, 12, 18, 24)",48,13,Climatology13,Huber,Residual_Huber,"{'huber_epsilon': 1.6, 'huber_alpha': 0.001}",1.0939641933474882,0.8463168563657207,-0.10765553269957125,1.1385684899772461,0.8462872289420581
enso_0,"(0,)","(1, 2, 3, 6, 12, 18, 24)",48,13,Climatology13,iTransformer,Residual_iTransformer,"{'torch_itransformer_d_model': 48, 'torch_itransformer_nhead': 4, 'torch_itransformer_layers': 2, 'torch_seq_dropout': 0.1, 'torch_lr': 0.0007, 'torch_epochs': 200}",1.142462138114177,0.8619324487025062,0.0987346143139383,1.1263957649366576,0.8314186677578007
enso_0,"(0,)","(1, 2, 3, 6, 12, 18, 24)",48,13,Climatology13,XGBoost,Residual_XGBoost,"{'xgb_n_estimators': 600, 'xgb_learning_rate': 0.03, 'xgb_max_depth': 3, 'xgb_subsample': 0.8, 'xgb_colsample_bytree': 0.8, 'xgb_reg_lambda': 2.0}",1.2468802613481946,0.9212251926260366,-0.10246337604789564,1.1929455424947693,0.9339595854591564
enso_0,"(0,)","(1, 2, 3, 6, 12, 18, 24)",48,14,Climatology14,NHiTS,Residual_NHiTS,"{'torch_nhits_hidden_size': 96, 'torch_nhits_num_blocks': 3, 'torch_nhits_pool_sizes': (1, 2, 4), 'torch_dropout': 0.1, 'torch_lr': 0.0007, 'torch_epochs': 200}",1.0618122585873522,0.8289243347022593,-0.02936619131581944,1.1429163263799988,0.8579065657199776
enso_0,"(0,)","(1, 2, 3, 6, 12, 18, 24)",48,14,Climatology14,LSTM,Residual_LSTM,"{'torch_seq_hidden_size': 24, 'torch_seq_num_layers': 1, 'torch_seq_dropout': 0.0, 'torch_lr': 0.001, 'torch_epochs': 150}",1.0680504281163263,0.818777898221188,-0.10663579574542209,1.1557953495933344,0.8936524415934893
enso_0,"(0,)","(1, 2, 3, 6, 12, 18, 24)",48,14,Climatology14,PatchTST,Residual_PatchTST,"{'torch_patch_len': 4, 'torch_patch_stride': 2, 'torch_transformer_d_model': 48, 'torch_transformer_nhead': 4, 'torch_transformer_layers': 2, 'torch_seq_dropout': 0.1, 'torch_lr': 0.0007, 'torch_epochs': 200}",1.0750077402814486,0.8472023353956285,-0.10361259302035682,1.121241506433743,0.8462876877887526
enso_0,"(0,)","(1, 2, 3, 6, 12, 18, 24)",48,14,Climatology14,Ridge,Residual_Ridge,{'ridge_alpha': 1.0},1.0773438141004898,0.8434140007438861,-0.050815857149978855,1.134410884644594,0.8432332038618826
enso_0,"(0,)","(1, 2, 3, 6, 12, 18, 24)",48,14,Climatology14,Huber,Residual_Huber,"{'huber_epsilon': 1.6, 'huber_alpha': 0.001}",1.0932625171883261,0.8529323425631556,-0.09840466696219863,1.1340317317097433,0.8386671830401901
enso_0,"(0,)","(1, 2, 3, 6, 12, 18, 24)",48,14,Climatology14,iTransformer,Residual_iTransformer,"{'torch_itransformer_d_model': 48, 'torch_itransformer_nhead': 4, 'torch_itransformer_layers': 2, 'torch_seq_dropout': 0.1, 'torch_lr': 0.0007, 'torch_epochs': 200}",1.1477710130605232,0.8681947821751237,0.15207198553807325,1.1411451942755388,0.8347134462144592
enso_0,"(0,)","(1, 2, 3, 6, 12, 18, 24)",48,14,Climatology14,XGBoost,Residual_XGBoost,"{'xgb_n_estimators': 600, 'xgb_learning_rate': 0.03, 'xgb_max_depth': 3, 'xgb_subsample': 0.8, 'xgb_colsample_bytree': 0.8, 'xgb_reg_lambda': 2.0}",1.2508023472299363,0.9189637975581544,-0.10099111949897459,1.1985135837124152,0.9345386952988075
enso_0,"(0,)","(1, 2, 3, 6, 12, 18, 24)",48,15,Climatology15,NHiTS,Residual_NHiTS,"{'torch_nhits_hidden_size': 96, 'torch_nhits_num_blocks': 3, 'torch_nhits_pool_sizes': (1, 2, 4), 'torch_dropout': 0.1, 'torch_lr': 0.0007, 'torch_epochs': 200}",1.0697725546692816,0.8388530960513485,-0.012705533051242432,1.1380609392397627,0.8547597547738176
enso_0,"(0,)","(1, 2, 3, 6, 12, 18, 24)",48,15,Climatology15,LSTM,Residual_LSTM,"{'torch_seq_hidden_size': 24, 'torch_seq_num_layers': 1, 'torch_seq_dropout': 0.0, 'torch_lr': 0.001, 'torch_epochs': 150}",1.079007891950586,0.831088772555813,-0.09072068363117675,1.149589956741045,0.8845337299662723
enso_0,"(0,)","(1, 2, 3, 6, 12, 18, 24)",48,15,Climatology15,PatchTST,Residual_PatchTST,"{'torch_patch_len': 4, 'torch_patch_stride': 2, 'torch_transformer_d_model': 48, 'torch_transformer_nhead': 4, 'torch_transformer_layers': 2, 'torch_seq_dropout': 0.1, 'torch_lr': 0.0007, 'torch_epochs': 200}",1.085070776596165,0.8565147023195298,-0.10265365177377435,1.1199631043244893,0.8485474411852397
enso_0,"(0,)","(1, 2, 3, 6, 12, 18, 24)",48,15,Climatology15,Ridge,Residual_Ridge,{'ridge_alpha': 1.0},1.0852472717967172,0.8522184839188921,-0.03986634061582958,1.1298708084293216,0.8398630408763261
enso_0,"(0,)","(1, 2, 3, 6, 12, 18, 24)",48,15,Climatology15,Huber,Residual_Huber,"{'huber_epsilon': 1.6, 'huber_alpha': 0.001}",1.1031459376058979,0.8637571492319379,-0.08647803930003674,1.128364686354939,0.834757860723095
enso_0,"(0,)","(1, 2, 3, 6, 12, 18, 24)",48,15,Climatology15,iTransformer,Residual_iTransformer,"{'torch_itransformer_d_model': 48, 'torch_itransformer_nhead': 4, 'torch_itransformer_layers': 2, 'torch_seq_dropout': 0.1, 'torch_lr': 0.0007, 'torch_epochs': 200}",1.1497763036018138,0.8697764516730482,0.11621301510216048,1.1241286764339709,0.8272735560384757
enso_0,"(0,)","(1, 2, 3, 6, 12, 18, 24)",48,15,Climatology15,XGBoost,Residual_XGBoost,"{'xgb_n_estimators': 600, 'xgb_learning_rate': 0.03, 'xgb_max_depth': 3, 'xgb_subsample': 0.8, 'xgb_colsample_bytree': 0.8, 'xgb_reg_lambda': 2.0}",1.259912713197274,0.9369766829562852,-0.10214585944922872,1.2272408033756703,0.9499168304886602
enso_0,"(0,)","(1, 2, 3, 6, 12, 18, 24)",48,16,Climatology16,NHiTS,Residual_NHiTS,"{'torch_nhits_hidden_size': 96, 'torch_nhits_num_blocks': 3, 'torch_nhits_pool_sizes': (1, 2, 4), 'torch_dropout': 0.1, 'torch_lr': 0.0007, 'torch_epochs': 200}",1.0688349100057133,0.8290268026078896,-0.006196249169685568,1.145954432278391,0.8504233721300567
enso_0,"(0,)","(1, 2, 3, 6, 12, 18, 24)",48,16,Climatology16,LSTM,Residual_LSTM,"{'torch_seq_hidden_size': 24, 'torch_seq_num_layers': 1, 'torch_seq_dropout': 0.0, 'torch_lr': 0.001, 'torch_epochs': 150}",1.0802017151550842,0.8225452980065407,-0.07623155753632697,1.1575885362699092,0.88389804430404
enso_0,"(0,)","(1, 2, 3, 6, 12, 18, 24)",48,16,Climatology16,Ridge,Residual_Ridge,{'ridge_alpha': 1.0},1.087982639309003,0.8434921504862894,-0.03877610827590909,1.1399464704229278,0.8382548050621113
enso_0,"(0,)","(1, 2, 3, 6, 12, 18, 24)",48,16,Climatology16,PatchTST,Residual_PatchTST,"{'torch_patch_len': 4, 'torch_patch_stride': 2, 'torch_transformer_d_model': 48, 'torch_transformer_nhead': 4, 'torch_transformer_layers': 2, 'torch_seq_dropout': 0.1, 'torch_lr': 0.0007, 'torch_epochs': 200}",1.0880086585399862,0.8492789665954964,-0.07479379913032365,1.1273742960212145,0.8428407212082101
enso_0,"(0,)","(1, 2, 3, 6, 12, 18, 24)",48,16,Climatology16,Huber,Residual_Huber,"{'huber_epsilon': 1.6, 'huber_alpha': 0.001}",1.1007087838221972,0.851735886444772,-0.07276494182932859,1.135894766228589,0.8343161810762104
enso_0,"(0,)","(1, 2, 3, 6, 12, 18, 24)",48,16,Climatology16,iTransformer,Residual_iTransformer,"{'torch_itransformer_d_model': 48, 'torch_itransformer_nhead': 4, 'torch_itransformer_layers': 2, 'torch_seq_dropout': 0.1, 'torch_lr': 0.0007, 'torch_epochs': 200}",1.1433863539700413,0.8676357298099902,-0.18642225478348942,1.114411796541959,0.8562397196545805
enso_0,"(0,)","(1, 2, 3, 6, 12, 18, 24)",48,16,Climatology16,XGBoost,Residual_XGBoost,"{'xgb_n_estimators': 600, 'xgb_learning_rate': 0.03, 'xgb_max_depth': 3, 'xgb_subsample': 0.8, 'xgb_colsample_bytree': 0.8, 'xgb_reg_lambda': 2.0}",1.2508285133543857,0.9313880930712912,-0.08774500083139476,1.2061437354338684,0.9409900197808287
enso_0,"(0,)","(1, 2, 3, 6, 12, 18, 24)",48,17,Climatology17,NHiTS,Residual_NHiTS,"{'torch_nhits_hidden_size': 96, 'torch_nhits_num_blocks': 3, 'torch_nhits_pool_sizes': (1, 2, 4), 'torch_dropout': 0.1, 'torch_lr': 0.0007, 'torch_epochs': 200}",1.0456847444271025,0.8225788213518065,-0.008936402595638512,1.1315921862066196,0.8426379020899626
enso_0,"(0,)","(1, 2, 3, 6, 12, 18, 24)",48,17,Climatology17,LSTM,Residual_LSTM,"{'torch_seq_hidden_size': 24, 'torch_seq_num_layers': 1, 'torch_seq_dropout': 0.0, 'torch_lr': 0.001, 'torch_epochs': 150}",1.0555155914674152,0.814413894520269,-0.08063486576829033,1.1465728507067292,0.8777159039450133
enso_0,"(0,)","(1, 2, 3, 6, 12, 18, 24)",48,17,Climatology17,Ridge,Residual_Ridge,{'ridge_alpha': 1.0},1.060476058970525,0.8359727411420715,-0.04215049021024713,1.127003816348055,0.8301325693908693
enso_0,"(0,)","(1, 2, 3, 6, 12, 18, 24)",48,17,Climatology17,PatchTST,Residual_PatchTST,"{'torch_patch_len': 4, 'torch_patch_stride': 2, 'torch_transformer_d_model': 48, 'torch_transformer_nhead': 4, 'torch_transformer_layers': 2, 'torch_seq_dropout': 0.1, 'torch_lr': 0.0007, 'torch_epochs': 200}",1.0615611007464436,0.8387792888274371,-0.06818056665760393,1.1180394918137633,0.8352774099115248
enso_0,"(0,)","(1, 2, 3, 6, 12, 18, 24)",48,17,Climatology17,Huber,Residual_Huber,"{'huber_epsilon': 1.6, 'huber_alpha': 0.001}",1.0718533682586866,0.8441002737493527,-0.07691341787211685,1.12380311453699,0.8266504207205542
enso_0,"(0,)","(1, 2, 3, 6, 12, 18, 24)",48,17,Climatology17,iTransformer,Residual_iTransformer,"{'torch_itransformer_d_model': 48, 'torch_itransformer_nhead': 4, 'torch_itransformer_layers': 2, 'torch_seq_dropout': 0.1, 'torch_lr': 0.0007, 'torch_epochs': 200}",1.1073400095384007,0.8374235401245054,0.06222185386372183,1.120526414015195,0.8323925426062599
enso_0,"(0,)","(1, 2, 3, 6, 12, 18, 24)",48,17,Climatology17,XGBoost,Residual_XGBoost,"{'xgb_n_estimators': 600, 'xgb_learning_rate': 0.03, 'xgb_max_depth': 3, 'xgb_subsample': 0.8, 'xgb_colsample_bytree': 0.8, 'xgb_reg_lambda': 2.0}",1.221855232570192,0.9136109149457851,-0.07461746612691557,1.213724272955831,0.9397646158847138
enso_0,"(0,)","(1, 2, 3, 6, 12, 18, 24)",48,18,Climatology18,NHiTS,Residual_NHiTS,"{'torch_nhits_hidden_size': 96, 'torch_nhits_num_blocks': 3, 'torch_nhits_pool_sizes': (1, 2, 4), 'torch_dropout': 0.1, 'torch_lr': 0.0007, 'torch_epochs': 200}",1.0327335847671837,0.8194803623913752,-0.024675577904822124,1.1239216030373953,0.8499955792524663
enso_0,"(0,)","(1, 2, 3, 6, 12, 18, 24)",48,18,Climatology18,LSTM,Residual_LSTM,"{'torch_seq_hidden_size': 24, 'torch_seq_num_layers': 1, 'torch_seq_dropout': 0.0, 'torch_lr': 0.001, 'torch_epochs': 150}",1.0433009964307933,0.8122362728851537,-0.08655789070245296,1.1322562070651416,0.8692981129632013
enso_0,"(0,)","(1, 2, 3, 6, 12, 18, 24)",48,18,Climatology18,Ridge,Residual_Ridge,{'ridge_alpha': 1.0},1.0478335998366883,0.8340220298441676,-0.05089413774983326,1.1186161337095784,0.8311219107636312
enso_0,"(0,)","(1, 2, 3, 6, 12, 18, 24)",48,18,Climatology18,PatchTST,Residual_PatchTST,"{'torch_patch_len': 4, 'torch_patch_stride': 2, 'torch_transformer_d_model': 48, 'torch_transformer_nhead': 4, 'torch_transformer_layers': 2, 'torch_seq_dropout': 0.1, 'torch_lr': 0.0007, 'torch_epochs': 200}",1.0504746632423103,0.8361002740631293,-0.08067244841044563,1.110327230551724,0.8365133233150545
enso_0,"(0,)","(1, 2, 3, 6, 12, 18, 24)",48,18,Climatology18,Huber,Residual_Huber,"{'huber_epsilon': 1.6, 'huber_alpha': 0.001}",1.0600169680228277,0.8421863192172946,-0.09081575012181353,1.1136960023071885,0.8258936494177613
enso_0,"(0,)","(1, 2, 3, 6, 12, 18, 24)",48,18,Climatology18,iTransformer,Residual_iTransformer,"{'torch_itransformer_d_model': 48, 'torch_itransformer_nhead': 4, 'torch_itransformer_layers': 2, 'torch_seq_dropout': 0.1, 'torch_lr': 0.0007, 'torch_epochs': 200}",1.0908406166342912,0.8309929621259302,0.049599145319209316,1.1167340190838593,0.8355963729321957
enso_0,"(0,)","(1, 2, 3, 6, 12, 18, 24)",48,18,Climatology18,XGBoost,Residual_XGBoost,"{'xgb_n_estimators': 600, 'xgb_learning_rate': 0.03, 'xgb_max_depth': 3, 'xgb_subsample': 0.8, 'xgb_colsample_bytree': 0.8, 'xgb_reg_lambda': 2.0}",1.205989578949329,0.9044074600708512,-0.09021847366643165,1.2014509781224914,0.9319734078897328
enso_0,"(0,)","(1, 2, 3, 6, 12, 18, 24)",48,19,Climatology19,NHiTS,Residual_NHiTS,"{'torch_nhits_hidden_size': 96, 'torch_nhits_num_blocks': 3, 'torch_nhits_pool_sizes': (1, 2, 4), 'torch_dropout': 0.1, 'torch_lr': 0.0007, 'torch_epochs': 200}",1.0429710385280326,0.8259760324573634,-0.02524155475967153,1.1372367087978938,0.8639965661179656
enso_0,"(0,)","(1, 2, 3, 6, 12, 18, 24)",48,19,Climatology19,LSTM,Residual_LSTM,"{'torch_seq_hidden_size': 24, 'torch_seq_num_layers': 1, 'torch_seq_dropout': 0.0, 'torch_lr': 0.001, 'torch_epochs': 150}",1.0553873905239053,0.8222717922752757,-0.10999272713895165,1.1539306941960277,0.893702305576808
enso_0,"(0,)","(1, 2, 3, 6, 12, 18, 24)",48,19,Climatology19,Ridge,Residual_Ridge,{'ridge_alpha': 1.0},1.0576284962552343,0.8408832441641408,-0.0634620498075516,1.1277057240006831,0.8412830007816483
enso_0,"(0,)","(1, 2, 3, 6, 12, 18, 24)",48,19,Climatology19,PatchTST,Residual_PatchTST,"{'torch_patch_len': 4, 'torch_patch_stride': 2, 'torch_transformer_d_model': 48, 'torch_transformer_nhead': 4, 'torch_transformer_layers': 2, 'torch_seq_dropout': 0.1, 'torch_lr': 0.0007, 'torch_epochs': 200}",1.059942831833943,0.8429032211820493,-0.08816939380031134,1.1194114938354918,0.845387074933323
enso_0,"(0,)","(1, 2, 3, 6, 12, 18, 24)",48,19,Climatology19,Huber,Residual_Huber,"{'huber_epsilon': 1.6, 'huber_alpha': 0.001}",1.0701170920838365,0.8506777349589084,-0.09998559183769558,1.1228906190401737,0.8336182342432956
enso_0,"(0,)","(1, 2, 3, 6, 12, 18, 24)",48,19,Climatology19,iTransformer,Residual_iTransformer,"{'torch_itransformer_d_model': 48, 'torch_itransformer_nhead': 4, 'torch_itransformer_layers': 2, 'torch_seq_dropout': 0.1, 'torch_lr': 0.0007, 'torch_epochs': 200}",1.1037244743285004,0.8360927498535858,0.00848426203562047,1.1249297557895863,0.8495801115382742
enso_0,"(0,)","(1, 2, 3, 6, 12, 18, 24)",48,19,Climatology19,XGBoost,Residual_XGBoost,"{'xgb_n_estimators': 600, 'xgb_learning_rate': 0.03, 'xgb_max_depth': 3, 'xgb_subsample': 0.8, 'xgb_colsample_bytree': 0.8, 'xgb_reg_lambda': 2.0}",1.2337066237313459,0.9255651113575402,-0.11595954659066608,1.2099896083177688,0.9383202579919857
enso_0,"(0,)","(1, 2, 3, 6, 12, 18, 24)",48,20,Climatology20,NHiTS,Residual_NHiTS,"{'torch_nhits_hidden_size': 96, 'torch_nhits_num_blocks': 3, 'torch_nhits_pool_sizes': (1, 2, 4), 'torch_dropout': 0.1, 'torch_lr': 0.0007, 'torch_epochs': 200}",1.0399188324701896,0.816719117667526,-0.027105222075867158,1.1429207926543143,0.8668131577301965
enso_0,"(0,)","(1, 2, 3, 6, 12, 18, 24)",48,20,Climatology20,LSTM,Residual_LSTM,"{'torch_seq_hidden_size': 24, 'torch_seq_num_layers': 1, 'torch_seq_dropout': 0.0, 'torch_lr': 0.001, 'torch_epochs': 150}",1.050589406366874,0.819095113229317,-0.1041448477267598,1.1539448372936778,0.8893837146813931
enso_0,"(0,)","(1, 2, 3, 6, 12, 18, 24)",48,20,Climatology20,PatchTST,Residual_PatchTST,"{'torch_patch_len': 4, 'torch_patch_stride': 2, 'torch_transformer_d_model': 48, 'torch_transformer_nhead': 4, 'torch_transformer_layers': 2, 'torch_seq_dropout': 0.1, 'torch_lr': 0.0007, 'torch_epochs': 200}",1.0554901392833584,0.835063484776765,-0.09055289070044333,1.1244587535590207,0.8454192506972894
enso_0,"(0,)","(1, 2, 3, 6, 12, 18, 24)",48,20,Climatology20,Ridge,Residual_Ridge,{'ridge_alpha': 1.0},1.0558397729450726,0.8325948619278404,-0.06733542506394645,1.132119300344191,0.8427444565630401
enso_0,"(0,)","(1, 2, 3, 6, 12, 18, 24)",48,20,Climatology20,Huber,Residual_Huber,"{'huber_epsilon': 1.6, 'huber_alpha': 0.001}",1.0686974011977497,0.8425009070800741,-0.10429380756475808,1.1272490255146244,0.8356740208341304
enso_0,"(0,)","(1, 2, 3, 6, 12, 18, 24)",48,20,Climatology20,iTransformer,Residual_iTransformer,"{'torch_itransformer_d_model': 48, 'torch_itransformer_nhead': 4, 'torch_itransformer_layers': 2, 'torch_seq_dropout': 0.1, 'torch_lr': 0.0007, 'torch_epochs': 200}",1.103172083548652,0.8320898858675113,0.004176953993737703,1.1240639514771191,0.844009551323558
enso_0,"(0,)","(1, 2, 3, 6, 12, 18, 24)",48,20,Climatology20,XGBoost,Residual_XGBoost,"{'xgb_n_estimators': 600, 'xgb_learning_rate': 0.03, 'xgb_max_depth': 3, 'xgb_subsample': 0.8, 'xgb_colsample_bytree': 0.8, 'xgb_reg_lambda': 2.0}",1.2380742049347064,0.9237661111435349,-0.1293034934744355,1.1805368055437773,0.9201311983736722
enso_0,"(0,)","(1, 2, 3, 6, 12, 18, 24)",48,21,Climatology21,NHiTS,Residual_NHiTS,"{'torch_nhits_hidden_size': 96, 'torch_nhits_num_blocks': 3, 'torch_nhits_pool_sizes': (1, 2, 4), 'torch_dropout': 0.1, 'torch_lr': 0.0007, 'torch_epochs': 200}",1.033256040858267,0.8171281681011712,-0.032516531409725304,1.1389770669446249,0.8606006638373347
enso_0,"(0,)","(1, 2, 3, 6, 12, 18, 24)",48,21,Climatology21,LSTM,Residual_LSTM,"{'torch_seq_hidden_size': 24, 'torch_seq_num_layers': 1, 'torch_seq_dropout': 0.0, 'torch_lr': 0.001, 'torch_epochs': 150}",1.043304129606067,0.8215715816680579,-0.10448609742276845,1.1487974800774985,0.87871621373602
enso_0,"(0,)","(1, 2, 3, 6, 12, 18, 24)",48,21,Climatology21,PatchTST,Residual_PatchTST,"{'torch_patch_len': 4, 'torch_patch_stride': 2, 'torch_transformer_d_model': 48, 'torch_transformer_nhead': 4, 'torch_transformer_layers': 2, 'torch_seq_dropout': 0.1, 'torch_lr': 0.0007, 'torch_epochs': 200}",1.0482846245289787,0.8332441361678308,-0.10336518134979074,1.1213277119657183,0.8360743211362892
enso_0,"(0,)","(1, 2, 3, 6, 12, 18, 24)",48,21,Climatology21,Ridge,Residual_Ridge,{'ridge_alpha': 1.0},1.050096750035849,0.8350601644024961,-0.07107095363012579,1.1278055769257307,0.8358954024208699
enso_0,"(0,)","(1, 2, 3, 6, 12, 18, 24)",48,21,Climatology21,Huber,Residual_Huber,"{'huber_epsilon': 1.6, 'huber_alpha': 0.001}",1.0639909633151008,0.8427787909842385,-0.1128937200364417,1.1234690047424152,0.8298751900939416
enso_0,"(0,)","(1, 2, 3, 6, 12, 18, 24)",48,21,Climatology21,iTransformer,Residual_iTransformer,"{'torch_itransformer_d_model': 48, 'torch_itransformer_nhead': 4, 'torch_itransformer_layers': 2, 'torch_seq_dropout': 0.1, 'torch_lr': 0.0007, 'torch_epochs': 200}",1.0966635827859723,0.8545319579730165,-0.1890562195681952,1.0998644057014335,0.8464208041590855
enso_0,"(0,)","(1, 2, 3, 6, 12, 18, 24)",48,21,Climatology21,XGBoost,Residual_XGBoost,"{'xgb_n_estimators': 600, 'xgb_learning_rate': 0.03, 'xgb_max_depth': 3, 'xgb_subsample': 0.8, 'xgb_colsample_bytree': 0.8, 'xgb_reg_lambda': 2.0}",1.2336786689758354,0.9288019836189166,-0.13364786378824933,1.2162888483450731,0.9399800240030082
enso_0,"(0,)","(1, 2, 3, 6, 12, 18, 24)",48,22,Climatology22,NHiTS,Residual_NHiTS,"{'torch_nhits_hidden_size': 96, 'torch_nhits_num_blocks': 3, 'torch_nhits_pool_sizes': (1, 2, 4), 'torch_dropout': 0.1, 'torch_lr': 0.0007, 'torch_epochs': 200}",1.0256689062009652,0.8153259623584085,-0.02631718471335868,1.1359645647671264,0.8578953994126125
enso_0,"(0,)","(1, 2, 3, 6, 12, 18, 24)",48,22,Climatology22,LSTM,Residual_LSTM,"{'torch_seq_hidden_size': 24, 'torch_seq_num_layers': 1, 'torch_seq_dropout': 0.0, 'torch_lr': 0.001, 'torch_epochs': 150}",1.0358301044468594,0.8210721727333624,-0.10455577230701842,1.1444602222335079,0.8767926695565001
enso_0,"(0,)","(1, 2, 3, 6, 12, 18, 24)",48,22,Climatology22,PatchTST,Residual_PatchTST,"{'torch_patch_len': 4, 'torch_patch_stride': 2, 'torch_transformer_d_model': 48, 'torch_transformer_nhead': 4, 'torch_transformer_layers': 2, 'torch_seq_dropout': 0.1, 'torch_lr': 0.0007, 'torch_epochs': 200}",1.0411886950191231,0.8306953813810128,-0.09742226156716545,1.115254463561953,0.8352962079925828
enso_0,"(0,)","(1, 2, 3, 6, 12, 18, 24)",48,22,Climatology22,Ridge,Residual_Ridge,{'ridge_alpha': 1.0},1.0414908184700855,0.8313423720012795,-0.06804884736935608,1.1224891161020318,0.8334148281132406
enso_0,"(0,)","(1, 2, 3, 6, 12, 18, 24)",48,22,Climatology22,Huber,Residual_Huber,"{'huber_epsilon': 1.6, 'huber_alpha': 0.001}",1.0538568213373192,0.8384127555483004,-0.10735927712514114,1.1140201480792624,0.8273112819877365
enso_0,"(0,)","(1, 2, 3, 6, 12, 18, 24)",48,22,Climatology22,iTransformer,Residual_iTransformer,"{'torch_itransformer_d_model': 48, 'torch_itransformer_nhead': 4, 'torch_itransformer_layers': 2, 'torch_seq_dropout': 0.1, 'torch_lr': 0.0007, 'torch_epochs': 200}",1.0894435732246683,0.8492335722019725,-0.18320674868300557,1.0922823260148424,0.8406897557730022
enso_0,"(0,)","(1, 2, 3, 6, 12, 18, 24)",48,22,Climatology22,XGBoost,Residual_XGBoost,"{'xgb_n_estimators': 600, 'xgb_learning_rate': 0.03, 'xgb_max_depth': 3, 'xgb_subsample': 0.8, 'xgb_colsample_bytree': 0.8, 'xgb_reg_lambda': 2.0}",1.2265482782783204,0.9243094219524127,-0.12921106919490435,1.2092906181204988,0.9368646342383083
enso_0,"(0,)","(1, 2, 3, 6, 12, 18, 24)",48,23,Climatology23,NHiTS,Residual_NHiTS,"{'torch_nhits_hidden_size': 96, 'torch_nhits_num_blocks': 3, 'torch_nhits_pool_sizes': (1, 2, 4), 'torch_dropout': 0.1, 'torch_lr': 0.0007, 'torch_epochs': 200}",1.0299866853035085,0.8129509569371821,-0.010985268082510177,1.149700580652913,0.8638038369795007
enso_0,"(0,)","(1, 2, 3, 6, 12, 18, 24)",48,23,Climatology23,LSTM,Residual_LSTM,"{'torch_seq_hidden_size': 24, 'torch_seq_num_layers': 1, 'torch_seq_dropout': 0.0, 'torch_lr': 0.001, 'torch_epochs': 150}",1.0399080278843775,0.8262511745459684,-0.10244824822344208,1.1626285356689279,0.8915564487809721
enso_0,"(0,)","(1, 2, 3, 6, 12, 18, 24)",48,23,Climatology23,PatchTST,Residual_PatchTST,"{'torch_patch_len': 4, 'torch_patch_stride': 2, 'torch_transformer_d_model': 48, 'torch_transformer_nhead': 4, 'torch_transformer_layers': 2, 'torch_seq_dropout': 0.1, 'torch_lr': 0.0007, 'torch_epochs': 200}",1.0431517352624105,0.8321564805844083,-0.07007396808720827,1.1256021929837676,0.8379756682661088
enso_0,"(0,)","(1, 2, 3, 6, 12, 18, 24)",48,23,Climatology23,Ridge,Residual_Ridge,{'ridge_alpha': 1.0},1.0460093277298435,0.8329076358783608,-0.06451756443891617,1.1352453615679843,0.8419310911205987
enso_0,"(0,)","(1, 2, 3, 6, 12, 18, 24)",48,23,Climatology23,Huber,Residual_Huber,"{'huber_epsilon': 1.6, 'huber_alpha': 0.001}",1.0577209066608309,0.8385635458689712,-0.10294384289003378,1.1258075777721006,0.8345408237320077
enso_0,"(0,)","(1, 2, 3, 6, 12, 18, 24)",48,23,Climatology23,iTransformer,Residual_iTransformer,"{'torch_itransformer_d_model': 48, 'torch_itransformer_nhead': 4, 'torch_itransformer_layers': 2, 'torch_seq_dropout': 0.1, 'torch_lr': 0.0007, 'torch_epochs': 200}",1.0933073066113368,0.8500416024243864,-0.160273131755842,1.0986066064671598,0.8397127742795979
enso_0,"(0,)","(1, 2, 3, 6, 12, 18, 24)",48,23,Climatology23,XGBoost,Residual_XGBoost,"{'xgb_n_estimators': 600, 'xgb_learning_rate': 0.03, 'xgb_max_depth': 3, 'xgb_subsample': 0.8, 'xgb_colsample_bytree': 0.8, 'xgb_reg_lambda': 2.0}",1.222754504602927,0.9224003964657154,-0.11335308290680572,1.2151303706421694,0.941648150783339
enso_0,"(0,)","(1, 2, 3, 6, 12, 18, 24)",48,24,Climatology24,NHiTS,Residual_NHiTS,"{'torch_nhits_hidden_size': 96, 'torch_nhits_num_blocks': 3, 'torch_nhits_pool_sizes': (1, 2, 4), 'torch_dropout': 0.1, 'torch_lr': 0.0007, 'torch_epochs': 200}",1.0397813236303788,0.8196520268199189,-0.0018491522932890965,1.1503024675328046,0.8676646093266053
enso_0,"(0,)","(1, 2, 3, 6, 12, 18, 24)",48,24,Climatology24,LSTM,Residual_LSTM,"{'torch_seq_hidden_size': 24, 'torch_seq_num_layers': 1, 'torch_seq_dropout': 0.0, 'torch_lr': 0.001, 'torch_epochs': 150}",1.0488588958971792,0.8326255573677676,-0.09023416611792832,1.163465927640178,0.893175794020818
enso_0,"(0,)","(1, 2, 3, 6, 12, 18, 24)",48,24,Climatology24,PatchTST,Residual_PatchTST,"{'torch_patch_len': 4, 'torch_patch_stride': 2, 'torch_transformer_d_model': 48, 'torch_transformer_nhead': 4, 'torch_transformer_layers': 2, 'torch_seq_dropout': 0.1, 'torch_lr': 0.0007, 'torch_epochs': 200}",1.05021205726639,0.8365947942592254,-0.06351503344679564,1.1253134550596773,0.8392081714316942
enso_0,"(0,)","(1, 2, 3, 6, 12, 18, 24)",48,24,Climatology24,Ridge,Residual_Ridge,{'ridge_alpha': 1.0},1.0551870941658283,0.8383872187096232,-0.05103449638656277,1.134480163509188,0.8438277997713918
enso_0,"(0,)","(1, 2, 3, 6, 12, 18, 24)",48,24,Climatology24,Huber,Residual_Huber,"{'huber_epsilon': 1.6, 'huber_alpha': 0.001}",1.0651368893315332,0.8433010895992906,-0.08892913423576837,1.1225734713527848,0.8315482426887976
enso_0,"(0,)","(1, 2, 3, 6, 12, 18, 24)",48,24,Climatology24,iTransformer,Residual_iTransformer,"{'torch_itransformer_d_model': 48, 'torch_itransformer_nhead': 4, 'torch_itransformer_layers': 2, 'torch_seq_dropout': 0.1, 'torch_lr': 0.0007, 'torch_epochs': 200}",1.0995076579362422,0.8530829540524995,-0.15976384715759198,1.0976002060740837,0.8376418427547864
enso_0,"(0,)","(1, 2, 3, 6, 12, 18, 24)",48,24,Climatology24,XGBoost,Residual_XGBoost,"{'xgb_n_estimators': 600, 'xgb_learning_rate': 0.03, 'xgb_max_depth': 3, 'xgb_subsample': 0.8, 'xgb_colsample_bytree': 0.8, 'xgb_reg_lambda': 2.0}",1.2328564811169986,0.9304205524676945,-0.10716814752474119,1.2051213640572314,0.9331316751068491
enso_0,"(0,)","(1, 2, 3, 6, 12, 18, 24)",48,25,Climatology25,NHiTS,Residual_NHiTS,"{'torch_nhits_hidden_size': 96, 'torch_nhits_num_blocks': 3, 'torch_nhits_pool_sizes': (1, 2, 4), 'torch_dropout': 0.1, 'torch_lr': 0.0007, 'torch_epochs': 200}",1.0330925415575236,0.8087258705822751,0.003797999625094209,1.1416732713039384,0.8599631075466934
enso_0,"(0,)","(1, 2, 3, 6, 12, 18, 24)",48,25,Climatology25,LSTM,Residual_LSTM,"{'torch_seq_hidden_size': 24, 'torch_seq_num_layers': 1, 'torch_seq_dropout': 0.0, 'torch_lr': 0.001, 'torch_epochs': 150}",1.0419425566725107,0.8175518973637373,-0.0618253544252366,1.1342620099526985,0.858768868763196
enso_0,"(0,)","(1, 2, 3, 6, 12, 18, 24)",48,25,Climatology25,PatchTST,Residual_PatchTST,"{'torch_patch_len': 4, 'torch_patch_stride': 2, 'torch_transformer_d_model': 48, 'torch_transformer_nhead': 4, 'torch_transformer_layers': 2, 'torch_seq_dropout': 0.1, 'torch_lr': 0.0007, 'torch_epochs': 200}",1.0423041212332924,0.8256702401830505,-0.04876695944578389,1.1153950479556045,0.8297378969506215
enso_0,"(0,)","(1, 2, 3, 6, 12, 18, 24)",48,25,Climatology25,Ridge,Residual_Ridge,{'ridge_alpha': 1.0},1.048552253286513,0.826054095229528,-0.04325113916076845,1.1257664654843451,0.8384920388595957
enso_0,"(0,)","(1, 2, 3, 6, 12, 18, 24)",48,25,Climatology25,Huber,Residual_Huber,"{'huber_epsilon': 1.6, 'huber_alpha': 0.001}",1.0572033787861719,0.831408793158558,-0.08092944206539453,1.1130715615742879,0.8283106473746529
enso_0,"(0,)","(1, 2, 3, 6, 12, 18, 24)",48,25,Climatology25,iTransformer,Residual_iTransformer,"{'torch_itransformer_d_model': 48, 'torch_itransformer_nhead': 4, 'torch_itransformer_layers': 2, 'torch_seq_dropout': 0.1, 'torch_lr': 0.0007, 'torch_epochs': 200}",1.0867960710328846,0.8405797843324642,-0.14474333023031555,1.0878377264646402,0.8289994612853779
enso_0,"(0,)","(1, 2, 3, 6, 12, 18, 24)",48,25,Climatology25,XGBoost,Residual_XGBoost,"{'xgb_n_estimators': 600, 'xgb_learning_rate': 0.03, 'xgb_max_depth': 3, 'xgb_subsample': 0.8, 'xgb_colsample_bytree': 0.8, 'xgb_reg_lambda': 2.0}",1.2258329855402532,0.9328226704724756,-0.10912617501337084,1.1870349674266292,0.9212282289262665
