H,enso_option,enso_lags,ar_lags,recency_half_life_months,climatology_years,climatology_label,model,candidate,params,val_rmse,val_mae,val_bias,test_rmse_before_refit,test_mae_before_refit
1,enso_0,"(0,)","(1, 2, 3, 6, 12, 18, 24)",48,18,Climatology18,NHiTS,Residual_NHiTS,"{'torch_nhits_hidden_size': 96, 'torch_nhits_num_blocks': 3, 'torch_nhits_pool_sizes': (1, 2, 4), 'torch_dropout': 0.1, 'torch_lr': 0.0007, 'torch_epochs': 200}",1.0327335847671837,0.8194803623913752,-0.024675577904822124,1.1239216030373953,0.8499955792524663
1,enso_0,"(0,)","(1, 2, 3, 6, 12, 18, 24)",48,18,Climatology18,LSTM,Residual_LSTM,"{'torch_seq_hidden_size': 24, 'torch_seq_num_layers': 1, 'torch_seq_dropout': 0.0, 'torch_lr': 0.001, 'torch_epochs': 150}",1.0433009964307933,0.8122362728851537,-0.08655789070245296,1.1322562070651416,0.8692981129632013
1,enso_0,"(0,)","(1, 2, 3, 6, 12, 18, 24)",48,18,Climatology18,Ridge,Residual_Ridge,{'ridge_alpha': 1.0},1.0478335998366883,0.8340220298441676,-0.05089413774983326,1.1186161337095784,0.8311219107636312
1,enso_0,"(0,)","(1, 2, 3, 6, 12, 18, 24)",48,18,Climatology18,PatchTST,Residual_PatchTST,"{'torch_patch_len': 4, 'torch_patch_stride': 2, 'torch_transformer_d_model': 48, 'torch_transformer_nhead': 4, 'torch_transformer_layers': 2, 'torch_seq_dropout': 0.1, 'torch_lr': 0.0007, 'torch_epochs': 200}",1.0504746632423103,0.8361002740631293,-0.08067244841044563,1.110327230551724,0.8365133233150545
1,enso_0,"(0,)","(1, 2, 3, 6, 12, 18, 24)",48,18,Climatology18,Huber,Residual_Huber,"{'huber_epsilon': 1.6, 'huber_alpha': 0.001}",1.0600169680228277,0.8421863192172946,-0.09081575012181353,1.1136960023071885,0.8258936494177613
1,enso_0,"(0,)","(1, 2, 3, 6, 12, 18, 24)",48,18,Climatology18,iTransformer,Residual_iTransformer,"{'torch_itransformer_d_model': 48, 'torch_itransformer_nhead': 4, 'torch_itransformer_layers': 2, 'torch_seq_dropout': 0.1, 'torch_lr': 0.0007, 'torch_epochs': 200}",1.0908406166342912,0.8309929621259302,0.049599145319209316,1.1167340190838593,0.8355963729321957
1,enso_0,"(0,)","(1, 2, 3, 6, 12, 18, 24)",48,18,Climatology18,XGBoost,Residual_XGBoost,"{'xgb_n_estimators': 600, 'xgb_learning_rate': 0.03, 'xgb_max_depth': 3, 'xgb_subsample': 0.8, 'xgb_colsample_bytree': 0.8, 'xgb_reg_lambda': 2.0}",1.205989578949329,0.9044074600708512,-0.09021847366643165,1.2014509781224914,0.9319734078897328
2,enso_0,"(0,)","(1, 2, 3, 6, 12, 18, 24)",48,18,Climatology18,Huber,Residual_Huber,"{'huber_epsilon': 1.6, 'huber_alpha': 0.001}",1.0901451771866744,0.8304334978491076,-0.09088721894125122,1.1048733048642267,0.8282956190173902
2,enso_0,"(0,)","(1, 2, 3, 6, 12, 18, 24)",48,18,Climatology18,NHiTS,Residual_NHiTS,"{'torch_nhits_hidden_size': 96, 'torch_nhits_num_blocks': 3, 'torch_nhits_pool_sizes': (1, 2, 4), 'torch_dropout': 0.1, 'torch_lr': 0.0007, 'torch_epochs': 200}",1.0932162381736186,0.830057724327263,-0.016293001930332857,1.1365625553775278,0.8560303005079429
2,enso_0,"(0,)","(1, 2, 3, 6, 12, 18, 24)",48,18,Climatology18,Ridge,Residual_Ridge,{'ridge_alpha': 1.0},1.0966811401851777,0.8364392783551341,-0.08210890225419697,1.1160281452068623,0.8391000328792764
2,enso_0,"(0,)","(1, 2, 3, 6, 12, 18, 24)",48,18,Climatology18,iTransformer,Residual_iTransformer,"{'torch_itransformer_d_model': 48, 'torch_itransformer_nhead': 4, 'torch_itransformer_layers': 2, 'torch_seq_dropout': 0.1, 'torch_lr': 0.0007, 'torch_epochs': 200}",1.104009872763797,0.8417518882520705,-0.14804879341843646,1.1117153531971298,0.8559258795708244
2,enso_0,"(0,)","(1, 2, 3, 6, 12, 18, 24)",48,18,Climatology18,LSTM,Residual_LSTM,"{'torch_seq_hidden_size': 24, 'torch_seq_num_layers': 1, 'torch_seq_dropout': 0.0, 'torch_lr': 0.001, 'torch_epochs': 150}",1.1072708508397868,0.855533337591354,-0.05119705109650064,1.1002075309335755,0.8139012850036748
2,enso_0,"(0,)","(1, 2, 3, 6, 12, 18, 24)",48,18,Climatology18,PatchTST,Residual_PatchTST,"{'torch_patch_len': 4, 'torch_patch_stride': 2, 'torch_transformer_d_model': 48, 'torch_transformer_nhead': 4, 'torch_transformer_layers': 2, 'torch_seq_dropout': 0.1, 'torch_lr': 0.0007, 'torch_epochs': 200}",1.1090628353199807,0.8410832446016786,-0.07939984124257335,1.087236537021833,0.8166575321611779
2,enso_0,"(0,)","(1, 2, 3, 6, 12, 18, 24)",48,18,Climatology18,XGBoost,Residual_XGBoost,"{'xgb_n_estimators': 600, 'xgb_learning_rate': 0.03, 'xgb_max_depth': 3, 'xgb_subsample': 0.8, 'xgb_colsample_bytree': 0.8, 'xgb_reg_lambda': 2.0}",1.186357210569178,0.9262722977685002,-0.04262124799101407,1.337855572639622,0.9920701956703214
3,enso_0,"(0,)","(1, 2, 3, 6, 12, 18, 24)",48,18,Climatology18,PatchTST,Residual_PatchTST,"{'torch_patch_len': 4, 'torch_patch_stride': 2, 'torch_transformer_d_model': 48, 'torch_transformer_nhead': 4, 'torch_transformer_layers': 2, 'torch_seq_dropout': 0.1, 'torch_lr': 0.0007, 'torch_epochs': 200}",1.1174588055339008,0.8526925483499697,-0.13261442474484084,1.09734030533835,0.8330307475933858
3,enso_0,"(0,)","(1, 2, 3, 6, 12, 18, 24)",48,18,Climatology18,NHiTS,Residual_NHiTS,"{'torch_nhits_hidden_size': 96, 'torch_nhits_num_blocks': 3, 'torch_nhits_pool_sizes': (1, 2, 4), 'torch_dropout': 0.1, 'torch_lr': 0.0007, 'torch_epochs': 200}",1.1257131769108581,0.8400216982010064,-0.03900209358996817,1.0986721939452622,0.8278478352603508
3,enso_0,"(0,)","(1, 2, 3, 6, 12, 18, 24)",48,18,Climatology18,Ridge,Residual_Ridge,{'ridge_alpha': 1.0},1.1275253615949021,0.8506201429548987,-0.1370822561611481,1.0949696161446563,0.8429687137389876
3,enso_0,"(0,)","(1, 2, 3, 6, 12, 18, 24)",48,18,Climatology18,LSTM,Residual_LSTM,"{'torch_seq_hidden_size': 24, 'torch_seq_num_layers': 1, 'torch_seq_dropout': 0.0, 'torch_lr': 0.001, 'torch_epochs': 150}",1.1290224818994432,0.859126990945596,-0.025083742751222538,1.108631180190023,0.8380221964018039
3,enso_0,"(0,)","(1, 2, 3, 6, 12, 18, 24)",48,18,Climatology18,iTransformer,Residual_iTransformer,"{'torch_itransformer_d_model': 48, 'torch_itransformer_nhead': 4, 'torch_itransformer_layers': 2, 'torch_seq_dropout': 0.1, 'torch_lr': 0.0007, 'torch_epochs': 200}",1.1365945100377528,0.8685335598937755,-0.20227609686036083,1.1150046074624722,0.8621426821452135
3,enso_0,"(0,)","(1, 2, 3, 6, 12, 18, 24)",48,18,Climatology18,Huber,Residual_Huber,"{'huber_epsilon': 1.6, 'huber_alpha': 0.001}",1.14465827161502,0.8641557122650383,-0.15879998172162857,1.1013269150508933,0.8434405727987646
3,enso_0,"(0,)","(1, 2, 3, 6, 12, 18, 24)",48,18,Climatology18,XGBoost,Residual_XGBoost,"{'xgb_n_estimators': 600, 'xgb_learning_rate': 0.03, 'xgb_max_depth': 3, 'xgb_subsample': 0.8, 'xgb_colsample_bytree': 0.8, 'xgb_reg_lambda': 2.0}",1.2583776793981474,0.9256156613783215,-0.09202828407958603,1.2043741846875229,0.89282754182772
6,enso_0,"(0,)","(1, 2, 3, 6, 12, 18, 24)",48,18,Climatology18,LSTM,Residual_LSTM,"{'torch_seq_hidden_size': 24, 'torch_seq_num_layers': 1, 'torch_seq_dropout': 0.0, 'torch_lr': 0.001, 'torch_epochs': 150}",1.0702954704916174,0.8242923249663027,-0.05533813082406092,1.068045534647592,0.7988704213491309
6,enso_0,"(0,)","(1, 2, 3, 6, 12, 18, 24)",48,18,Climatology18,Ridge,Residual_Ridge,{'ridge_alpha': 1.0},1.0855716381855844,0.8387113679378865,-0.11023832491543517,1.0704500942891195,0.8171955259973447
6,enso_0,"(0,)","(1, 2, 3, 6, 12, 18, 24)",48,18,Climatology18,NHiTS,Residual_NHiTS,"{'torch_nhits_hidden_size': 96, 'torch_nhits_num_blocks': 3, 'torch_nhits_pool_sizes': (1, 2, 4), 'torch_dropout': 0.1, 'torch_lr': 0.0007, 'torch_epochs': 200}",1.0864251072268625,0.8493821326970915,-0.0704090140708205,1.0671005820459416,0.805986559526091
6,enso_0,"(0,)","(1, 2, 3, 6, 12, 18, 24)",48,18,Climatology18,PatchTST,Residual_PatchTST,"{'torch_patch_len': 4, 'torch_patch_stride': 2, 'torch_transformer_d_model': 48, 'torch_transformer_nhead': 4, 'torch_transformer_layers': 2, 'torch_seq_dropout': 0.1, 'torch_lr': 0.0007, 'torch_epochs': 200}",1.0870208709787694,0.8393271794904852,-0.10997723401588805,1.0887570568337712,0.8216715027518268
6,enso_0,"(0,)","(1, 2, 3, 6, 12, 18, 24)",48,18,Climatology18,Huber,Residual_Huber,"{'huber_epsilon': 1.6, 'huber_alpha': 0.001}",1.08716984576671,0.8431554846295276,-0.104615050313844,1.065916888640139,0.8102505416293712
6,enso_0,"(0,)","(1, 2, 3, 6, 12, 18, 24)",48,18,Climatology18,iTransformer,Residual_iTransformer,"{'torch_itransformer_d_model': 48, 'torch_itransformer_nhead': 4, 'torch_itransformer_layers': 2, 'torch_seq_dropout': 0.1, 'torch_lr': 0.0007, 'torch_epochs': 200}",1.109737313114767,0.8793451556703076,0.0033669871562677736,1.0963182962098,0.8361806905104054
6,enso_0,"(0,)","(1, 2, 3, 6, 12, 18, 24)",48,18,Climatology18,XGBoost,Residual_XGBoost,"{'xgb_n_estimators': 600, 'xgb_learning_rate': 0.03, 'xgb_max_depth': 3, 'xgb_subsample': 0.8, 'xgb_colsample_bytree': 0.8, 'xgb_reg_lambda': 2.0}",1.2372305893972209,0.9607831204678708,-0.1238145207915093,1.1568853060283688,0.8746994831064195
12,enso_0,"(0,)","(1, 2, 3, 6, 12, 18, 24)",48,18,Climatology18,LSTM,Residual_LSTM,"{'torch_seq_hidden_size': 24, 'torch_seq_num_layers': 1, 'torch_seq_dropout': 0.0, 'torch_lr': 0.001, 'torch_epochs': 150}",1.0992818793043553,0.8473682502819294,-0.10082309936276741,1.1245885591892117,0.8505447342773976
12,enso_0,"(0,)","(1, 2, 3, 6, 12, 18, 24)",48,18,Climatology18,Huber,Residual_Huber,"{'huber_epsilon': 1.6, 'huber_alpha': 0.001}",1.1014232996730766,0.8494760666771052,-0.15616546008925355,1.0996064980719518,0.834879584373936
12,enso_0,"(0,)","(1, 2, 3, 6, 12, 18, 24)",48,18,Climatology18,Ridge,Residual_Ridge,{'ridge_alpha': 1.0},1.1053231293659778,0.8602992487151644,-0.13391266634115684,1.1070463435361797,0.8367105210812237
12,enso_0,"(0,)","(1, 2, 3, 6, 12, 18, 24)",48,18,Climatology18,PatchTST,Residual_PatchTST,"{'torch_patch_len': 4, 'torch_patch_stride': 2, 'torch_transformer_d_model': 48, 'torch_transformer_nhead': 4, 'torch_transformer_layers': 2, 'torch_seq_dropout': 0.1, 'torch_lr': 0.0007, 'torch_epochs': 200}",1.1148734550252604,0.8691919284131103,0.051084034817500235,1.1792541454984196,0.8961145013026153
12,enso_0,"(0,)","(1, 2, 3, 6, 12, 18, 24)",48,18,Climatology18,NHiTS,Residual_NHiTS,"{'torch_nhits_hidden_size': 96, 'torch_nhits_num_blocks': 3, 'torch_nhits_pool_sizes': (1, 2, 4), 'torch_dropout': 0.1, 'torch_lr': 0.0007, 'torch_epochs': 200}",1.117212852308112,0.8698933569981753,-0.06830040527145483,1.098515549126433,0.8377696940599131
12,enso_0,"(0,)","(1, 2, 3, 6, 12, 18, 24)",48,18,Climatology18,iTransformer,Residual_iTransformer,"{'torch_itransformer_d_model': 48, 'torch_itransformer_nhead': 4, 'torch_itransformer_layers': 2, 'torch_seq_dropout': 0.1, 'torch_lr': 0.0007, 'torch_epochs': 200}",1.1260453014323184,0.8650794445743992,-0.22963299340982404,1.102542441734778,0.8561174116549436
12,enso_0,"(0,)","(1, 2, 3, 6, 12, 18, 24)",48,18,Climatology18,XGBoost,Residual_XGBoost,"{'xgb_n_estimators': 600, 'xgb_learning_rate': 0.03, 'xgb_max_depth': 3, 'xgb_subsample': 0.8, 'xgb_colsample_bytree': 0.8, 'xgb_reg_lambda': 2.0}",1.1714165147417739,0.9210494201790963,0.056731633442622185,1.1655178847298817,0.9003356783874116
